Hạng mục( Category),Tên sản phẩm,Link affiliate shopee,Ảnh sản phẩm,Giá sale,Giá tham khảo,Link affiliate tiktok
Cần Câu,[LK HÒA] [ MUA 01 CẦN SOIL TẶNG 01 CUỘN DÙ LK X4 ] CẦN SOLID ĐA NĂNG TẢI TĨNH 10KG,https://s.shopee.vn/7AcfN1X5yB,https://i.postimg.cc/nzGjcVbq/vn-11134207-7r98o-lxfag3jyd0ij24.webp,₫990.000,₫1.240.000,https://vt.tiktok.com/ZS9kJHJuDnoUp-AeYDB/
Cần Câu,"[RA MẮT - MỞ BÁN] CẦN CÂU LURE ĐỨNG 1 KHÚC TIỂU LK, CẦN CÂU CHUYÊN LURE TIỂU LK",https://s.shopee.vn/7psMKARxov,https://down-vn.img.susercontent.com/file/sg-11134253-81zwk-mn64as3es64kbb,₫450.000,₫569.000,https://vt.tiktok.com/ZS9kJHJuDnoUp-AeYDB/
Cần Câu,"[BST GIỚI HẠN] CẦN CÂU CHUYÊN LURE LK SPECIAL CÁ MẬP, CẦN CÂU CHUYÊN LURE SPECIAL",https://s.shopee.vn/8pktW3apco,https://down-vn.img.susercontent.com/file/vn-11134207-7ras8-m3riuxpvqlrw39,₫1.290.000,₫1.540.000,https://vt.tiktok.com/ZS9kJHJuDnoUp-AeYDB/
Cần Câu,[LK HÒA] CẦN CÂU ĐÀI BẢN RÔ CHÉP 2026,https://s.shopee.vn/4qEkkjGBut,https://i.postimg.cc/fLCyQHmF/vn-11134207-820l4-mijpqu5ki1hffe.webp,₫520.000,₫650.000,https://vt.tiktok.com/ZS9kJHJuDnoUp-AeYDB/
Cần Câu,"[LK HÒA] CẦN ĐÀI LK PRO 2025 PHIÊN BẢN TỔNG HỢP ĐỘ CỨNG 5H, CẦN CÂU ĐÀI LK PRO 2025",https://s.shopee.vn/9fK0VcsMwQ,https://i.postimg.cc/7PXGFLNL/sg-11134201-824iy-mpvbj9ofcgzvd2.webp,,₫1.050.000,https://vt.tiktok.com/ZS9kJHJuDnoUp-AeYDB/
Cần Câu,"[LK HOÀ] CẦN CÂU CHUYÊN LURE TIỂU HỌC SINH LK, CẦN LURE LK 1 KHÚC TIỂU HỌC",https://s.shopee.vn/2qTgN58yOH,https://i.postimg.cc/pr7n3GMc/vn-11134207-81ztc-mqifhmyoyeww59.webp,₫319.000,₫399.000,https://vt.tiktok.com/ZS9kJHJuDnoUp-AeYDB/
Cần Câu,[LK HÒA] CẦN CÂU ĐÀI 5H LK TỔNG HỢP 2026,https://s.shopee.vn/5LB1Lgzjtf,https://down-vn.img.susercontent.com/file/vn-11134207-820l4-mijpzyyq2ubnf7,,₫1.320.000,https://vt.tiktok.com/ZS9kJHJuDnoUp-AeYDB/
Cần Câu,"[Mua 01 cần tặng 01 chuột tiểu LK] Cần câu lure cán gỗ LK, cần câu chuyên lure",https://s.shopee.vn/1LesaM9TZj,https://down-vn.img.susercontent.com/file/vn-11134207-7r98o-lsxlmcegf26cca,₫1.190.000,₫1.480.000,https://vt.tiktok.com/ZS9kJHJuDnoUp-AeYDB/
Cần Câu,"CẦN CÂU CHUYÊN LURE CHEAP LK GIÁ HỌC SINH SINH VIÊN, CẦN LURE LK CHEAP CHUYÊN LURE",https://s.shopee.vn/5Arb9PvItR,https://down-vn.img.susercontent.com/file/vn-11134207-7ras8-m1chcac36qzgc1,,₫740.000,https://vt.tiktok.com/ZS9kJHJuDnoUp-AeYDB/
Cần Câu,[LK HÒA] [MUA 01 CẦN TẶNG 01 GÓI CÁM CHÉP LK] CẦN CÂU LK HÒA - PHIÊN BẢN TỔNG HỢP - 5H,https://s.shopee.vn/3qMDYyviHy,https://down-vn.img.susercontent.com/file/vn-11134207-7r98o-lqn05km3n7sn19,,₫1.240.000,https://vt.tiktok.com/ZS9kJHJuDnoUp-AeYDB/
Cần Câu,[LK HOA] [KHI MUA 01 CẦN ĐƯỢC TẶNG 01 CÁI PHAO SỐ 5 ] CẦN ĐÀI VIP LK PHIÊN BẢN MỚI 2024,https://s.shopee.vn/6fgOwCckrh,https://down-vn.img.susercontent.com/file/vn-11134207-7r98o-luz04cvitlwl90,₫1.990.000,₫2.540.000,https://vt.tiktok.com/ZS9kJHJuDnoUp-AeYDB/
Cần Câu,"[LK HÒA] BỘ 2 SẢN PHẨM CẦN CÂU CHEAP LK VÀ MÁY DAIWA RS, BỘ CẦN MÁY CHUYÊN CÂU LURE",https://s.shopee.vn/8V837aM9xd,https://down-vn.img.susercontent.com/file/vn-11134207-7ra0g-m7onm666kfb77a,,₫1.610.000,https://vt.tiktok.com/ZS9kJHJuDnoUp-AeYDB/
Cần Câu,"[LK HÒA] [ MUA 01 CẦN TẶNG 01 DÙ LK X4 ] CẦN SV SINH VIÊN PRO PHIÊN BẢN MỚI NHẤT 2025, CẦN CÂU LURE SV 2025",https://s.shopee.vn/7fYw85rsXj,https://down-vn.img.susercontent.com/file/vn-11134207-81ztc-mqig0p23r2f67a,₫880.000,₫1.080.000,https://vt.tiktok.com/ZS9kJHJuDnoUp-AeYDB/
Cần Câu,[LK HÒA] [ MUA 01 CẦN TẶNG 01 DÙ LK X4 ] CẦN CÂU SOLID PRO LK 2026,https://s.shopee.vn/50YAxD1ctm,https://down-vn.img.susercontent.com/file/vn-11134207-81ztc-mqiforgqghsd3d,,₫1.550.000,https://vt.tiktok.com/ZS9kJHJuDnoUp-AeYDB/
Cần Câu,"[LK HÒA] CẦN CÂU CHUYÊN LURE STAR LK, CẦN 1 KHÚC STAR",https://s.shopee.vn/80BmWjcStk,https://down-vn.img.susercontent.com/file/vn-11134207-81ztc-mqifcknlayvh01,₫459.000,₫569.000,https://vt.tiktok.com/ZS9kJHJuDnoUp-AeYDB/
Cần Câu,[lLK HÒA] CẦN CÂU UL LK CHUYÊN ĐÁNH CÁC DÒNG CÁ SUỐI VÀ CÁ BÉ Đi Câu Bắt Cá,https://s.shopee.vn/1BLSOBzfZb,https://down-vn.img.susercontent.com/file/vn-11134207-81ztc-mqiftbu7ixakd5,₫399.000,₫499.000,https://vt.tiktok.com/ZS9kJHJuDnoUp-AeYDB/
Cần Câu,"[LK HOÀ] [MUA 01 CẦN TẶNG 01 GÓI CÁM CHÉP VÀNG] CẦN ĐÀI LK RÔ CHÉP PRO 2025 PHIÊN BẢN 4H,CHUYÊN CÂU ĐÀI bắt cá đi câu",https://s.shopee.vn/5LB1Lrz4pK,https://down-vn.img.susercontent.com/file/vn-11134207-7ras8-m35w8otv4tg9d0,,₫960.000,https://vt.tiktok.com/ZS9kJHJuDnoUp-AeYDB/
Cần Câu,"[LK HÒA] BỘ 2 SẢN PHẨM CẦN CHEAP VÀ MÁY DAIWA MG, BỘ 2 CẦN CHUYÊN CÂU LURE",https://s.shopee.vn/5LB1Lsq9GX,https://down-vn.img.susercontent.com/file/vn-11134207-7ra0g-m6s4gwnz360o9c,,,https://vt.tiktok.com/ZS9kJHJuDnoUp-AeYDB/
Cần Câu,"[LK HÒA] CẦN CÂU CHUYÊN LURE SUỐI LK KHOEN FUJI, CẦN CHUYÊN ĐÁNH CÁC DÒNG CÁ SUỐI VÀ CÁ BÉ",https://s.shopee.vn/qibzcksRR,https://down-vn.img.susercontent.com/file/vn-11134207-7ras8-m35wfxl1h0grec,₫760.000,₫950.000,https://vt.tiktok.com/ZS9kJHJuDnoUp-AeYDB/
Cần Câu,"[LK HÒA] BỘ 2 SẢN PHẨM CẦN CÂU CHEAP LK VÀ MÁY DAIWA RS, BỘ CẦN MÁY CHUYÊN CÂU LURE",https://s.shopee.vn/LmLOiV7ag,https://down-vn.img.susercontent.com/file/vn-11134207-7ra0g-m7onm666kfb77a,,₫1.610.000,https://vt.tiktok.com/ZS9kJHJuDnoUp-AeYDB/
Cần Câu,"[LK HÒA] COMBO CHUYÊN LURE CẦN LK, MÁY ĐỨNG RS, MỒI, DÙ FULL BỘ 07 SẢN PHẨM",https://s.shopee.vn/904JiepooK,https://down-vn.img.susercontent.com/file/vn-11134207-7r98o-ltt6jwdl10cq1c,₫2.290.000,₫2.800.000,https://vt.tiktok.com/ZS9kJHJuDnoUp-AeYDB/
Cần Câu,[LK HÒA] [Mua 01 cần tặng 01 túi lưỡi rô chép 12 cái] CẦN CÂU TAY LK HÒA - PHIÊN BẢN SĂN RÔ CHÉP - 4H,https://s.shopee.vn/9zwquW61bu,https://down-vn.img.susercontent.com/file/vn-11134207-7ras8-m0u7dwpmb43za5,,,https://vt.tiktok.com/ZS9kJHJuDnoUp-AeYDB/
Cần Câu,"[LK HÒA] [MUA 01 CẦN TẶNG 01 CUỘN DÙ LK X4] CẦN LURE LK SV SINH VIÊN , CẦN LURE LK PHIÊN BẢN MỚI, CẦN CHUYÊN CÂU LURE LK",https://s.shopee.vn/8fRTK5CgtI,https://down-vn.img.susercontent.com/file/vn-11134207-7r98o-lyhbytkwawf54c,,₫1.040.000,https://vt.tiktok.com/ZS9kJHJuDnoUp-AeYDB/
Cần Câu,"[LK HÒA] CẦN TWO LK, CẦN LURE 2 NGỌN LK, CẦN CÂU CHUYÊN LURE LK",https://s.shopee.vn/6Ak8LVJsZR,https://down-vn.img.susercontent.com/file/vn-11134207-81ztc-mqlc9ulybaj21f,₫620.000,₫769.000,https://vt.tiktok.com/ZS9kJHJuDnoUp-AeYDB/
Cần Câu,"[LK HÒA] BỘ 2 SẢN PHẨM CẦN CHEAP VÀ MÁY DAIWA MG, BỘ 2 CẦN CHUYÊN CÂU LURE",https://s.shopee.vn/8KocvV2uOP,https://down-vn.img.susercontent.com/file/vn-11134207-7ra0g-m6s4gwnz360o9c,,,https://vt.tiktok.com/ZS9kJHJuDnoUp-AeYDB/
Cần Câu,"[LK HÒA] CẦN CÂU CHUYÊN LURE LK HỌC SINH, CẦN LURE LK GIÁ RẺ PHIÊN BẢN HỌC SINH",https://s.shopee.vn/5fnrkc3NOJ,https://down-vn.img.susercontent.com/file/vn-11134207-7ra0g-m7hkh1s1v37gd5,,₫643.684,https://vt.tiktok.com/ZS9kJHJuDnoUp-AeYDB/
Máy Câu,"[LK HÒA]  MÁY CÂU CHUYÊN LURE DAIWA MG, MÁY CÂU ĐỨNG CHUYÊN CÂU LURE HÃNG DAIWA Đi Câu Bắt Cá",https://s.shopee.vn/1VyImy5ly6,https://down-vn.img.susercontent.com/file/vn-11134207-7ra0g-m7om2i8v129y3c,₫850.000,₫1.050.000,https://vt.tiktok.com/ZS9kJHJuDnoUp-AeYDB/
Máy Câu,[LK HÒA] [MUA 01 MÁY TẶNG 01 MỒI LURE CÁ SẮT] MÁY CÂU CÁ DAIWA RS CHUYÊN LURE - DÒNG MÁY CHÍNH HÃNG DAIWA,https://s.shopee.vn/1122C4Ue4Q,https://down-vn.img.susercontent.com/file/vn-11134207-7r98o-lt7pc7rrshxg90,₫690.000,₫870.000,https://vt.tiktok.com/ZS9kJHJuDnoUp-AeYDB/
Mồi Câu,"[LK HÒA]  MỒI CÂU ĐÀI LK, MỒI CHUYÊN DÙNG CHO CÂU RÔ PHI, CHÉP, TRẮM CỎ",https://s.shopee.vn/7Kw5jjDUEW,https://down-vn.img.susercontent.com/file/vn-11134207-7ras8-mcc9itl8ec0555,₫35.000,₫42.000,https://vt.tiktok.com/ZS9kJHJuDnoUp-AeYDB/
Mồi Câu,"MỒI CÂU CÁ CHUYÊN LURE CHUỘT LK- FULL PHIÊN BẢN SKIN, S, M, L",https://s.shopee.vn/7Kw5jl9irq,https://down-vn.img.susercontent.com/file/vn-11134207-7r98o-lmvayukeuxgf85,₫99.000,₫120.000,https://vt.tiktok.com/ZS9kJHJuDnoUp-AeYDB/
Mồi Câu,"[LK HÒA] MỒI CÂU CHUYÊN CHÉP LK, CÁM CHÉP LK",https://s.shopee.vn/2BDzaHSMwn,https://down-vn.img.susercontent.com/file/vn-11134207-7r98o-lx2fi78t3suzcd,₫38.000,₫47.000,https://vt.tiktok.com/ZS9kJHJuDnoUp-AeYDB/
Mồi Câu,"[LK HÒA] MỒI CÂU CHUYÊN LURE CHUỘT LK ACTION NỔI VÀ LỬNG (S/7G, M/8G, M/SKIN8G VÀ L/12G LỬNG)",https://s.shopee.vn/5VURYQoKsK,https://down-vn.img.susercontent.com/file/vn-11134207-7r98o-lvlaal9pqa35ef,,₫120.000,https://vt.tiktok.com/ZS9kJHJuDnoUp-AeYDB/
Mồi Câu,Mồi câu chuyên câu lure cóc lk,https://s.shopee.vn/W5lbGYX8D,https://down-vn.img.susercontent.com/file/vn-11134207-7r98o-lsxlmceg3tmsf8,₫79.000,₫100.000,https://vt.tiktok.com/ZS9kJHJuDnoUp-AeYDB/
Mồi Câu,"MỒI CÂU ĐÀI LK, MỒI CHUYÊN DÙNG CHO CÂU RÔ PHI, CHÉP, TRẮM CỎ",https://s.shopee.vn/AKZhJLwHYi,https://down-vn.img.susercontent.com/file/vn-11134207-820l4-mh8kn74qjkej9c,,₫42.000,https://vt.tiktok.com/ZS9kJHJuDnoUp-AeYDB/
Mồi Câu,MỒI CÂU CHUYÊN LURE CHUỘT TIỂU LK - CHUYÊN ĐÁNH SIZE BÚ BÌNH - ACTION NỔI SIZE 5G  Đi Câu Câu Cá Fishing Fish Bắt Cá,https://s.shopee.vn/60Qi9PgD8a,https://down-vn.img.susercontent.com/file/vn-11134207-7r98o-lrtmsqufuimc62,₫95.000,₫120.000,https://vt.tiktok.com/ZS9kJHJuDnoUp-AeYDB/
Mồi Câu,"[LK HÒA] MỒI CÂU CHUYÊN LURE BỌ LK, MỒI CÂU CHUYÊN LURE LK",https://s.shopee.vn/AKZhJOGiVD,https://down-vn.img.susercontent.com/file/vn-11134207-81ztc-mqif82yw5kpb9c,₫99.000,₫129.000,https://vt.tiktok.com/ZS9kJHJuDnoUp-AeYDB/
Mồi Câu,THÍNH CÂU CÁ LK HOÀ,https://s.shopee.vn/9pdQiUDbtd,https://down-vn.img.susercontent.com/file/vn-11134207-7qukw-lflwx9dfk9l045,,₫100.000,https://vt.tiktok.com/ZS9kJHJuDnoUp-AeYDB/
Mồi Câu,CHAI  HƯƠNG LIỆU LŨNG CỦ MỒI CÂU CÁ LK LŨNG CÚ - CHUYÊN TRẮM ĐEN CHÉP,https://s.shopee.vn/2gAGBKI4v5,https://down-vn.img.susercontent.com/file/vn-11134207-7r98o-lvpqjwkckxqyc9,₫289.000,₫350.000,https://vt.tiktok.com/ZS9kJHJuDnoUp-AeYDB/
Mồi Câu,HŨ THÍNH CÂU CÁ CHUYÊN CÂU ĐÀI LK,https://s.shopee.vn/6Ak8Lm4DEj,https://down-vn.img.susercontent.com/file/vn-11134207-7qukw-lkg5a5gjjnocaa,,₫60.000,https://vt.tiktok.com/ZS9kJHJuDnoUp-AeYDB/
Mồi Câu,Mồi lure chuyên săn chẽm vược Horal,https://s.shopee.vn/4fvKZ2Miaf,https://down-vn.img.susercontent.com/file/vn-11134207-7qukw-lfuoco83lrsn36,₫59.000,₫79.000,https://vt.tiktok.com/ZS9kJHJuDnoUp-AeYDB/
Mồi Câu,"[LK HÒA] CÁM CHÉP LK SERIES 2, MỒI CÂU CHÉP THẾ HỆ MỚI",https://s.shopee.vn/9V0aJviOei,https://down-vn.img.susercontent.com/file/vn-11134207-7ras8-m35venq79ue113,₫199.000,₫250.000,https://vt.tiktok.com/ZS9kJHJuDnoUp-AeYDB/
Mồi Câu,"[MỞ BÁN] MỒI CÂU CHUỘT TRƠN LK, CHUỘT TRƠN PHIÊN BẢN MỚI, MỒI HƠI CHUỘT TRƠN LK CHUYÊN CÂU LURE",https://s.shopee.vn/1BLSOcrzej,https://down-vn.img.susercontent.com/file/vn-11134207-7ra0g-m7g3r1m5uuik94,₫79.000,₫99.000,https://vt.tiktok.com/ZS9kJHJuDnoUp-AeYDB/
Mồi Câu,"[LK HÒA] [KHI MUA 05 CON SẼ ĐƯỢC TẶNG THÊM 01 CÁ SẮT LK] MỒI CÂU LURE CÁ SẮT LK, MỒI CÁ SẮT CHUYÊN LURE Câu Cá Bắt Cá",https://s.shopee.vn/7Kw5jyKhB1,https://down-vn.img.susercontent.com/file/vn-11134207-7r98o-lvjxm5m7ovaceb,₫48.000,₫60.000,https://vt.tiktok.com/ZS9kJHJuDnoUp-AeYDB/
Mồi Câu,"[LK HÒA] MỒI CÂU RÔ PHI LK HÒA, MỒI CÂU ĐÀI CHUYÊN RÔ PHI LK",https://s.shopee.vn/1LesaxTvxP,https://down-vn.img.susercontent.com/file/vn-11134207-820l4-mh8k1sqk2haj43,,₫44.000,https://vt.tiktok.com/ZS9kJHJuDnoUp-AeYDB/
Mồi Câu,"[LK HÒA] MỒI CÁM CHÉP RẺ LK, MỒI CHUYÊN CHÉP RẺ LK",https://s.shopee.vn/3B6WmLI0u2,https://down-vn.img.susercontent.com/file/vn-11134207-820l4-mh8jtvoaxyq568,₫85.000,₫105.000,https://vt.tiktok.com/ZS9kJHJuDnoUp-AeYDB/
Mồi Câu,MỒI CÂU CHUYÊN LURE CHẼM MĂNG VƯỢC- COMBO 5IN1 SKINKING,https://s.shopee.vn/60Qi9Z7IvJ,https://down-vn.img.susercontent.com/file/vn-11134207-7r98o-lma0lkxu0p9b82,₫159.000,₫200.000,https://vt.tiktok.com/ZS9kJHJuDnoUp-AeYDB/
Dây Câu,"[LK HÒA] TRỤC CÂU ĐÀI LK CHUYÊN RÔ CHÉP, TRỤC CHUYÊN CÂU RÔ CHÉP LK",https://s.shopee.vn/gPBnmFRrb,https://down-vn.img.susercontent.com/file/vn-11134207-7r98o-lzg00ewfcx1p8c,₫29.000,₫39.000,https://vt.tiktok.com/ZS9kJHJuDnoUp-AeYDB/
Dây Câu,"MỞ BÁN DÂY DÙ CHUYÊN CÂU LURE LK HOA- DÀI 100M VÀ 150M CHO ENH EM LỰA CHỌN FULL SIZE 0,6-3,0",https://s.shopee.vn/6fgOwodM0s,https://down-vn.img.susercontent.com/file/vn-11134207-7ra0g-m8udduquy83212,₫129.000,₫160.000,https://vt.tiktok.com/ZS9kJHJuDnoUp-AeYDB/
Dây Câu,[LK HÒA] DÙ PE X4 LK CHUYÊN CÂU LURE Fishing,https://s.shopee.vn/50YAxlWRJJ,https://down-vn.img.susercontent.com/file/vn-11134207-7r98o-lxfakvdqu1nfa7,₫85.000,₫105.000,https://vt.tiktok.com/ZS9kJHJuDnoUp-AeYDB/
Dây Câu,"DÂY CƯỚC CHUYÊN CÂU CÁ LK BLACK CARP - LÀM LEADER, DÂY LINK, TRỤC THẺO",https://s.shopee.vn/4VbuMrYDJv,https://down-vn.img.susercontent.com/file/vn-11134207-7r98o-lo57w0qn89zf84,₫149.000,₫190.000,https://vt.tiktok.com/ZS9kJHJuDnoUp-AeYDB/
Dây Câu,[LK HÒA] KHÓA LINK CHUYÊN CÂU LURE SNAP LK Đi Câu Bắt Cá,https://s.shopee.vn/6Ak8Lw0Rqv,https://down-vn.img.susercontent.com/file/vn-11134207-820l4-mjhzcueq169u40,₫39.000,₫50.000,https://vt.tiktok.com/ZS9kJHJuDnoUp-AeYDB/
Dây Câu,"[LK HÒA] THẺO CÂU ĐÀI BUỘC SẴN LK CHUYÊN RÔ CHÉP, THẺO LK LÀM SẴN CÂU RÔ CHÉP",https://s.shopee.vn/8AVCjckrtB,https://down-vn.img.susercontent.com/file/vn-11134207-7r98o-lzg074vpafmp4d,,,https://vt.tiktok.com/ZS9kJHJuDnoUp-AeYDB/
Dây Câu,"[LK HOÀ] [ MUA 01 CUỘN DÙ TẶNG 01 BỊCH KHÓA LINK ] DÙ LK X8 CHUYÊN LURE THẾ HỆ MỚI, DÙ LK X8 MÀU ĐEN CHUYÊN CÂU LURE",https://s.shopee.vn/1qb9BziaZg,https://down-vn.img.susercontent.com/file/vn-11134207-81ztc-mqk2c56xct8ibd,₫199.000,₫260.000,https://vt.tiktok.com/ZS9kJHJuDnoUp-AeYDB/
Dây Câu,"[LK HÒA] DÂY DÙ CHUYÊN CÂU LURE LK RED X8, DÂY CÂU CHUYÊN LURE LK RED 150M, DÂY LK RED KHÔNG PHAI MÀU",https://s.shopee.vn/3VjNB4bQZn,https://down-vn.img.susercontent.com/file/vn-11134207-7ra0g-m7g3kj9upjxvd0,₫189.000,₫240.000,https://vt.tiktok.com/ZS9kJHJuDnoUp-AeYDB/
Phao & Lưỡi Câu,[LK HÒA] LƯỠI CÂU ĐƠN LK - LƯỠI CÂU RÔ CHÉP LK,https://s.shopee.vn/9fK0WPuiBB,https://down-vn.img.susercontent.com/file/vn-11134207-7r98o-luiyzvfbytci7d,₫28.000,₫35.000,https://vt.tiktok.com/ZS9kJHJuDnoUp-AeYDB/
Phao & Lưỡi Câu,[LK HÒA] LƯỠI CÂU ĐÀI - LƯỠI SĂN HÀNG LK HÒA,https://s.shopee.vn/30n6aB1x1T,https://down-vn.img.susercontent.com/file/vn-11134207-7r98o-ls80ij14mp3t51,,₫55.000,https://vt.tiktok.com/ZS9kJHJuDnoUp-AeYDB/
Phao & Lưỡi Câu,[ MỞ BÁN ] PHAO HỐ ĐẤU LK NANO- LÔNG CÔNG PHIÊN BẢN CHUYÊN CÂU ĐÀI CHÍNH HÃNG LK,https://s.shopee.vn/4fvKZFdjxg,https://down-vn.img.susercontent.com/file/vn-11134207-7r98o-lo2ax8ql0k4t42,₫95.000,₫120.000,https://vt.tiktok.com/ZS9kJHJuDnoUp-AeYDB/
Phao & Lưỡi Câu,Lưỡi câu ar 15 lưỡi câu lure,https://s.shopee.vn/5LB1MUA7p7,https://down-vn.img.susercontent.com/file/vn-11134207-7r98o-ltnec11y2p716b,₫79.000,₫100.000,https://vt.tiktok.com/ZS9kJHJuDnoUp-AeYDB/
Phao & Lưỡi Câu,Phao câu lục độc quyền LK Hòa- Vẩy Sơn và Cuốn chỉ,https://s.shopee.vn/1Lesb93hrm,https://down-vn.img.susercontent.com/file/vn-11134207-7qukw-lft6qpk9db7b15,₫180.000,₫230.000,https://vt.tiktok.com/ZS9kJHJuDnoUp-AeYDB/
Phụ Kiện,"[LK HÒA] KÌM GỠ LƯỠI GỠ CÁ VÀ VÒNG RING LK, KÌM ĐA NĂNG CẮT DÂY LEADER VÀ DÂY PE",https://s.shopee.vn/4VbuMyUQKz,https://down-vn.img.susercontent.com/file/vn-11134207-7r98o-luzvkzkg9r8lbd,₫119.000,₫150.000,https://vt.tiktok.com/ZS9kJHJuDnoUp-AeYDB/
Phụ Kiện,"[LK HÒA] TÚI ĐỰNG CÁ LK, TÚI CÂU ĐỰNG CÁ HOẶC ĐỰNG PHỤ KIỆN ĐI CÂU",https://s.shopee.vn/W5lbdjnVU,https://down-vn.img.susercontent.com/file/vn-11134207-81ztc-mqk2iwfck6x702,₫319.000,₫399.000,https://vt.tiktok.com/ZS9kJHJuDnoUp-AeYDB/
Phụ Kiện,"[LK HÒA] KẸP GẮP CÁ LK, KẸP GẮP CÁ ĐƯỢC LÀM TỪ THÉP KHÔNG RỈ",https://s.shopee.vn/50YAxvJSlO,https://down-vn.img.susercontent.com/file/vn-11134207-7r98o-luzvkzkfhnvp61,₫95.000,₫120.000,https://vt.tiktok.com/ZS9kJHJuDnoUp-AeYDB/
Phụ Kiện,"[LK HÒA] CÁN VỢT LK, CÁN VỢT CACBON CHUYÊN RÔ CHÉP VÀ CÁC LOẠI CÁ SIZE VỪA",https://s.shopee.vn/3LPwysPP6H,https://down-vn.img.susercontent.com/file/vn-11134207-7r98o-ltd7rjylv0d5c7,₫480.000,₫600.000,https://vt.tiktok.com/ZS9kJHJuDnoUp-AeYDB/
Phụ Kiện,"[LK HÒA] RỌNG ĐỰNG CÁ LK, RỌNG CÁ SĂN HÀNG",https://s.shopee.vn/1qb9C8CuBW,https://down-vn.img.susercontent.com/file/vn-11134207-7r98o-ltd7rjym218k3e,₫390.000,₫500.000,https://vt.tiktok.com/ZS9kJHJuDnoUp-AeYDB/
Phụ Kiện,"BỘ GÁC CẦN SĂN HÀNG, GÁC CẦN HỐ ĐẤU LK, CHUYÊN DÙNG CHO CÁC LOẠI CẦN SĂN HÀNG",https://s.shopee.vn/LmLPO5M96,https://down-vn.img.susercontent.com/file/vn-11134207-81ztc-mn2dwxlc6z9db8,,,https://vt.tiktok.com/ZS9kJHJuDnoUp-AeYDB/
Phụ Kiện,"[LK HÒA] CÁN VỢT LK HÒA, CÁN VỢT CACBON CHUYÊN SĂN HÀNG",https://s.shopee.vn/19V0mpvdC,https://down-vn.img.susercontent.com/file/vn-11134207-7r98o-ltd7rjylqsntba,₫440.000,₫550.000,https://vt.tiktok.com/ZS9kJHJuDnoUp-AeYDB/